{"labels":[-0.5,0,0.05,0.3,0.4,1.4],"values":[2336.625914483867,2202.563261756389,1226.444369814329,1044.1969086505499,266.825851812946,259.3562711514817],"values1":[1869.3007315870934,1869.3007315870934,1849.500156355443,1300.4842067505938,220.45283047875944,220.45283047875944]}